{"1.0": 0.0, "0.5": 0.33070480823516846, "0.0": 0.6633557677268982}