{"0.0": 0.5817240644825096, "0.1": 0.5420297424133035, "0.3": 0.4483354156990339, "0.5": 0.3084403382754187, "0.7": 0.1455724198590964, "0.9": 0.023969545618595847, "1.0": 0.012671425996701288}