{"0.1": 0.6284095048904419, "0.3": 0.5845429301261902, "0.5": 0.5412150025367737, "0.7": 0.5038356781005859, "0.9": 0.4666966199874878, "1.0": 0.45149171352386475}