{"0.0": 0.5816569760038688, "0.1": 0.5759994320870533, "0.3": 0.5692393391468732, "0.5": 0.5494580516916227, "0.7": 0.5305238265414599, "0.9": 0.5130368030858805, "1.0": 0.5064296475524369}