{"0.1": 0.36955979466438293, "0.3": 0.43162837624549866, "0.5": 0.49404776096343994, "0.7": 0.5745816826820374, "0.9": 0.6452508568763733, "1.0": 0.6754159927368164}