{"1.0": 0.0, "0.5": 0.3356958329677582, "0.0": 0.6633557677268982}