{"0.1": 0.6492939591407776, "0.3": 0.6466288566589355, "0.5": 0.6437926292419434, "0.7": 0.6439720988273621, "0.9": 0.6508726477622986, "1.0": 0.6519823670387268}