{"0.1": 0.1594512015581131, "0.3": 0.2975442111492157, "0.5": 0.4216330349445343, "0.7": 0.5166769623756409, "0.9": 0.615378201007843, "1.0": 0.6759822964668274}